time,seconds_elapsed,z,y,x
1772696894476722700,0.07272265625,0.4523170667648315,0.3274269507706165,0.3057174424614757
1772696894486693600,0.082693603515625,0.4904635498076677,0.6124708038419485,0.5287962030723691
1772696894496664800,0.092664794921875,0.4107780186742544,1.0846671678140758,0.6148960582274943
1772696894506635800,0.1026357421875,-0.1931172645241022,2.004616651636362,0.1980480719897896
1772696894516606500,0.1126064453125,-0.5440127691656351,1.9712433743447064,0.5464204148292541
1772696894526576600,0.12257666015625,-0.618240034893155,1.246465749488771,0.8181125458311289
1772696894536547600,0.132547607421875,-0.8277917168676853,0.5054918998524547,0.5318638470146805
1772696894546518500,0.1425185546875,-1.4795225179523228,0.16123451805114744,0.3405093543794006
1772696894556489700,0.15248974609375,-1.437675426825881,0.020080080476403236,0.41451030053775756
1772696894566460700,0.162460693359375,-0.8515022628009319,0.1987055860504508,0.7923592420239001
1772696894576430600,0.1724306640625,-0.18469255052804945,0.4678650567695498,1.1649182969409972
1772696894586401800,0.18240185546875,0.3825006032168865,0.6101125502780079,1.5034063746258615
1772696894596372500,0.19237255859375,0.8192617889314889,0.48581455495804543,1.7494253543846308
1772696894606343700,0.20234375,1.1292454374700784,0.004705693472921848,1.7811302600726484
1772696894616313600,0.212313720703125,0.8753203607618808,-0.15310849474072455,1.3321075586780904
1772696894626284500,0.222284423828125,-0.03919336174726486,0.8575318983539938,0.6220794669255614
1772696894636255700,0.232255859375,-0.3454740641146898,0.017598785054683683,0.5532132533071562
1772696894646226700,0.242226806640625,-0.06906944457292556,-0.552713085232675,0.23195859796330331
1772696894656198000,0.252197998046875,0.14654606748521326,-0.6136190970942378,0.04589815661553293
1772696894666167800,0.262167724609375,-0.15050678780972956,-0.6468772235736251,0.1288359675431624
1772696894676138800,0.272138671875,-0.6129261463940143,-0.08752689228355884,0.4325431296281516
1772696894686109700,0.282109619140625,-0.6672030955046415,0.47859804770797487,0.4808711802717298
1772696894696080600,0.29208056640625,-0.6009229893893003,1.151973109845817,0.11669687266647814
1772696894706051600,0.302051513671875,0.0057090252965688705,0.7990703570351004,0.05978614098615944
1772696894716021800,0.312021728515625,-0.11179916375279426,0.2308127889290452,-0.0779424137931317
1772696894725992700,0.32199267578125,-0.38082477895915506,0.5173159008979797,-0.21683150025177747
1772696894735963600,0.331963623046875,-0.11652619227468967,0.8245841529980301,-0.3948511123545468
1772696894745934800,0.341934814453125,-0.20706687942147253,0.7327052029848098,-0.5929744780702516
1772696894755905500,0.351905517578125,-0.34720483343005176,0.7477046191960572,-0.7480413768697529
1772696894765875500,0.36187548828125,-0.31365152339637276,1.0117816720843316,-0.7251638476945459
1772696894775846700,0.3718466796875,-0.22654139522016048,1.131944759556651,-0.7281679979465902
1772696894785817600,0.381817626953125,0.12461129905283451,1.1696668797075749,-0.7880621293518691
1772696894795788800,0.391788818359375,0.7948194215923547,1.101808272229135,-0.6176017369896173
1772696894805759700,0.401759765625,1.2342372592955826,0.8239572532713413,0.00894654591307044
1772696894815729700,0.411729736328125,0.9256547097265719,0.10566636008620262,0.9369432156559079
1772696894825700900,0.421700927734375,0.2821627446770668,-0.7876920539304614,1.8036552494831382
1772696894835671600,0.431671630859375,-0.17501228351294992,-1.1632146348282695,2.312539714383334
1772696894845642500,0.441642578125,-0.35099662692844863,-1.2008309565171598,1.2594053105607628
1772696894855613700,0.45161376953125,-0.5427513709276914,-1.1394739860177039,0.39024383775480087
1772696894865583600,0.46158349609375,-0.5673556508302688,-0.6411129609584808,0.4631410604549572
1772696894875554600,0.471554443359375,-0.5789660091251134,-0.09057721976488828,0.795916423048824
1772696894885525800,0.48152587890625,-0.5274614473372697,-0.1459428408950567,1.064627784674242
1772696894895496700,0.49149658203125,-1.0269026688486338,-0.4959603936582803,0.12160766025744378
1772696894905466600,0.501466552734375,-1.2895365371912717,0.32250849132984877,-1.8456033167660235
1772696894915437800,0.511437744140625,-1.3453916954040526,0.5979743687167763,-2.5338340027302504
1772696894925408500,0.521408447265625,-1.5992361080914734,-0.39311347490698095,-3.1145456864789125
1772696894935379700,0.531379638671875,-0.8134498877823352,-0.2096279620811343,-2.8111954846054314
1772696894945350700,0.5413505859375,-1.0289718763381241,-0.3682993516460061,-1.9835681645192205
1772696894955320600,0.551320556640625,-1.1924766774088145,-1.19190194626078,-1.0081505490403622
1772696894965291800,0.561291748046875,-1.0934458098143338,-1.4963817366860805,-0.3899671397052705
1772696894975262700,0.5712626953125,-1.043870170262456,-1.8731947957858441,-0.3178709677223116
1772696894985233700,0.581233642578125,-0.67789224730134,-1.970176475765556,-0.6077081925500184
1772696894995204600,0.59120458984375,0.11447218235433101,-1.707346061937511,-0.8682841785147786
1772696895005174500,0.601174560546875,1.1452578301161527,-1.3002172134205698,-0.2916485120333731
1772696895015145700,0.611145751953125,1.2209861480563877,-0.9905267026096581,1.763676436446607
1772696895025116700,0.62111669921875,0.7202396891653537,-1.312049251642078,3.921453605271876
1772696895035087600,0.631087646484375,0.6481260545909404,-2.044284206766635,3.7115924189567564
1772696895045058800,0.641058837890625,1.311110655617714,-2.07609213443771,1.762105095476657
1772696895055028700,0.65102880859375,1.8718436734378336,-1.9441217047937214,0.3676230598196387
1772696895064999700,0.660999755859375,1.8657512017816305,-2.0473598148196936,0.010099771068803965
1772696895074970600,0.670970703125,0.9929881242871283,-1.2553174567252396,0.39735838246773925
1772696895084941600,0.680941650390625,1.2310182972490786,-0.07055398404225707,0.41261327127739783
1772696895094912800,0.690912841796875,2.217557391527295,-0.4623823875747621,-0.4088017501652241
1772696895104882700,0.700882568359375,2.5303613581836224,-0.5534926913030446,-0.372816536809504
1772696895114853600,0.710853515625,3.0858459539562464,-0.12583192688897252,-1.231863662032038
1772696895124824800,0.720824951171875,3.1924300134092567,-0.17388707887530325,-2.0820321920111775
1772696895134795800,0.730795654296875,1.433076408597827,0.3583277004688978,-0.4793501081842929
1772696895144766500,0.740766357421875,1.7370540947198867,0.358983826290071,0.07898140145204961
1772696895154736600,0.750736572265625,3.1650445783555505,-0.0718172819763422,-1.2065296065501867
1772696895164707600,0.76070751953125,3.179116358327865,-0.16296221862658858,-1.7792124437525867
1772696895174678500,0.770678466796875,2.6210207032740116,0.3147325966313481,-1.9227999536931513
1772696895184649700,0.780649658203125,3.140878689870238,0.849918793001771,-1.8912220353856681
1772696895194620700,0.79062060546875,3.3064117818981407,1.2781111800745129,-1.9699267387881874
1772696895204590600,0.800590576171875,2.611763630107045,1.485133197440952,-2.559474055421352
1772696895214561800,0.810561767578125,3.210204739552736,1.0358883777283132,-1.769098169234395
1772696895224532500,0.820532470703125,4.093175907328725,1.2976025008775294,-0.5241319375883787
1772696895234503700,0.830503662109375,4.213650544968247,1.6665487721249461,0.06622538025341927
1772696895244474600,0.840474609375,3.8175709137320517,1.4464046767264604,-0.11317571280300616
1772696895254444500,0.850444580078125,2.997208470082283,1.1163833255484699,-0.7991985134594142
1772696895264415700,0.860415771484375,3.201034760147333,0.9467834224730729,-0.9304727044675498
1772696895274386700,0.87038671875,2.2660633560210464,0.6038423839673399,-1.2743674635015427
1772696895284357600,0.880357666015625,0.30568039838671685,0.1616167953670025,-0.8128639045879245
1772696895294328600,0.89032861328125,-2.6344687983900306,-0.6716852093547582,-1.137385197044909
1772696895304298800,0.900298828125,-5.182912925752997,-1.0822919631153345,-1.0379596310444175
1772696895314269400,0.91026953125,-8.423125850078463,-1.9740356354117392,0.728277449670434
1772696895324240400,0.920240478515625,-12.596272535222768,-2.5378511294171213,0.6618414223410188
1772696895334211600,0.930211669921875,-14.987807606518267,-2.780623820731044,0.16150917027406395
1772696895344181500,0.940181396484375,-16.766638649737835,-3.2242087149858474,-0.3100776104323566
1772696895354152400,0.95015234375,-17.189792750382423,-3.2367534315213558,-0.9401220648877322
1772696895364123600,0.96012353515625,-16.383232037591934,-3.243517518828809,-1.869102411905676
1772696895374094600,0.970094482421875,-14.901387214171885,-3.570546702453494,-2.5264368782162663
1772696895384065500,0.9800654296875,-12.987923244100807,-4.153662816995382,-2.598661864210665
1772696895394035500,0.990035400390625,-10.93915531604886,-4.7246267214506865,-2.19986800557971
1772696895404006400,1.00000634765625,-8.842612075865269,-5.169595763540268,-1.2999231989100575
1772696895413977600,1.0099775390625,-6.758582280296086,-5.408579291704297,-0.13508088981471955
1772696895423948500,1.019948486328125,-4.763457679626345,-5.3929024146229025,0.9595835020091384
1772696895433919500,1.02991943359375,-2.994928834712505,-5.170668945729732,1.8567180004984138
1772696895443889700,1.0398896484375,-1.3680296436697243,-4.7262657208293675,2.273737982302159
1772696895453860600,1.049860595703125,0.00048690673410892486,-4.206584259843826,2.4493951395899054
1772696895463831600,1.05983154296875,1.1910609653919935,-3.5905221535116434,2.4929031496658918
1772696895473802500,1.069802490234375,2.16377962411046,-2.7071798143357038,2.175178970003128
1772696895483773400,1.0797734375,3.1017782671034335,-1.4884984360903502,1.5730772922232745
1772696895493744600,1.08974462890625,4.132319584715366,0.08858078525066375,0.8234017382804304
1772696895503714600,1.099714599609375,5.018227974987029,1.6977461666822433,0.47715387678164983
1772696895513685500,1.109685546875,5.771089246293902,3.09840002284199,0.17527800351073963
1772696895523656700,1.11965673828125,5.989660101026296,4.097324551440775,-0.19510178940482437
1772696895533627400,1.12962744140625,6.86186145298481,4.660982516796887,-0.10577024058578535
1772696895543597600,1.13959765625,7.161131399807333,5.187474534580111,-0.1664625000988133
1772696895553568500,1.149568603515625,7.380472654390335,5.4017094059348105,0.30140399970915166
1772696895563539500,1.15953955078125,8.16337484369576,5.301883588570356,0.9091321025360375
1772696895573510700,1.1695107421875,8.924192626965045,5.435072746354341,1.2273027838572859
1772696895583481600,1.179481689453125,9.622164370220899,5.523800831121206,1.4072903715647755
1772696895593451500,1.189451416015625,10.030131423127651,5.61329463956356,1.5482156765587627
1772696895603422700,1.199422607421875,10.251244363558293,5.7155450537264345,1.5184773947685957
1772696895613393700,1.2093935546875,10.412378343844413,5.844048684042692,1.3838368691325187
1772696895623364400,1.2193642578125,10.039116693615913,5.380477232813835,1.3990944978885351
1772696895633335600,1.22933544921875,10.035090506839751,5.650639158573746,1.1248686836905777
1772696895643305500,1.239305419921875,9.811111071062088,5.931527061009406,0.8909121168430895
1772696895653276400,1.2492763671875,9.479355735698341,5.929798045259714,0.8880793776351958
1772696895663247600,1.25924755859375,9.07718889350295,6.2978463447541,0.8907236815989017
1772696895673218600,1.269218505859375,8.827598046606779,6.455964192089438,0.7218161447018384
1772696895683189500,1.279189453125,8.352194703286886,6.541058304268121,0.4821971316458657
1772696895693159700,1.28915966796875,7.926395056569576,6.517351849988103,0.158209142347984
1772696895703130400,1.29913037109375,7.6993071333825585,6.2336839614450925,-0.23730715591702609
1772696895713101600,1.3091015625,7.4126260344982144,5.662987183493375,-0.26167506978046146
1772696895723072500,1.319072509765625,7.020294942140579,4.994436180511117,-0.10443886411786078
1772696895733043500,1.32904345703125,6.630622255337238,4.04907723788321,0.12385701008681207
1772696895743013600,1.339013671875,5.744468950393796,3.1170863108724354,0.5157482497224584
1772696895752984600,1.348984619140625,4.702428918167948,1.9807284110486507,0.6959383377321064
1772696895762955500,1.35895556640625,3.1629391305088994,1.0680822359770537,0.5059132305370644
1772696895772926500,1.368926513671875,1.2602999213129282,0.22235621849000453,0.19152603154359385
1772696895782897400,1.3788974609375,-0.8452303429245949,-0.6070160455673933,-0.2872875951438211
1772696895792867600,1.38886767578125,-2.588568632480502,-1.5475065053761003,-0.7603549149978905
1772696895802838500,1.398838623046875,-4.484071998447179,-2.485989132493734,-1.1061665405038743
1772696895812809500,1.4088095703125,-6.652222677248716,-3.510631162934005,-1.1995426702722907
1772696895822780700,1.41878076171875,-8.849927951836586,-4.807703064066171,-0.9449125140346586
1772696895832751600,1.428751708984375,-10.912107150125502,-5.957972584864497,-0.5834642338598147
1772696895842721500,1.438721435546875,-12.574701339405774,-6.905494843006133,-0.4731609712205827
1772696895852692500,1.4486923828125,-14.238539391267299,-7.383463068377972,-0.7105204053141176
1772696895862663400,1.458663330078125,-15.356839656352996,-7.7150529840469355,-0.9226730635672807
1772696895872634600,1.468634521484375,-15.731840843725204,-8.105873671841621,-1.128453044983372
1772696895882605600,1.47860546875,-15.848433086973428,-8.485991179314254,-1.1270414976850152
1772696895892575500,1.488575439453125,-15.888607276451587,-9.064028967678546,-0.8075749313343316
1772696895902546700,1.498546630859375,-15.59005219990015,-8.833333375388383,-0.49321069309134036
1772696895912517600,1.508517578125,-15.039084204769134,-8.16326436905861,-0.3722446552056819
1772696895922488600,1.518488525390625,-14.175635483586788,-7.391323134228586,-0.3534360925024375
1772696895932459500,1.52845947265625,-12.868976546680926,-6.6091457520663734,-0.5447567924659699
1772696895942429400,1.538429443359375,-11.273290240025519,-5.9541480581402775,-0.7463862300738692
1772696895952400400,1.548400390625,-9.668141108497977,-5.4579579473793505,-0.5224683517577127
1772696895962371600,1.55837158203125,-8.073114727056026,-4.958933489975333,-0.013733611226244828
1772696895972342500,1.568342529296875,-6.430252827727794,-4.25377008164972,0.7261546853628009
1772696895982313700,1.578313720703125,-4.8473862551569935,-3.537877189517021,1.3789865064918994
1772696895992283600,1.58828369140625,-3.045184273222089,-2.720879838386178,1.6092977756395934
1772696896002254600,1.598254638671875,-1.1465309187918902,-1.9531775563001632,1.5017514470256863
1772696896012225500,1.6082255859375,0.5540519326210022,-1.1296429123550653,1.0070108044207096
1772696896022196500,1.618196533203125,2.0858406443834303,-0.34303777687847614,0.3155716778039932
1772696896032167400,1.62816748046875,3.389997243079543,0.5538996646687389,-0.4026073890371248
1772696896042137600,1.6381376953125,4.543438964173197,1.602156087191403,-1.0827951633971185
1772696896052108500,1.648108642578125,5.505370271417498,2.5023370407044885,-1.3374518423154949
1772696896062079500,1.65807958984375,6.19665040808022,3.274586318570375,-1.2256599850863217
1772696896072050700,1.66805078125,7.221503158661723,3.7487300172179934,-1.0229171063438058
1772696896082021400,1.678021484375,7.957202867287397,4.213542408418655,-0.8803191919624805
1772696896091991600,1.687991455078125,8.878373709598183,4.613153136390447,-0.5602533445443958
1772696896101962500,1.69796240234375,9.196768043607474,4.541759632784128,-0.39514410395175215
1772696896111933400,1.707933349609375,9.671596801909804,4.663702589410543,-0.31097792027294635
1772696896121904600,1.717904541015625,9.895407310861348,4.606469713103771,-0.2283738713443279
1772696896131874600,1.72787451171875,10.09982630612254,4.591565573960542,-0.1893625151004642
1772696896141845500,1.737845458984375,10.403826788598298,4.572645477174222,-0.00042070963010191917
1772696896151816700,1.747816650390625,10.382125828921794,4.356088008090853,0.367444342251867
1772696896161787400,1.757787353515625,10.280103378295898,4.223172114290297,0.49198878661356865
1772696896171758600,1.767758544921875,10.157837765586375,4.213499446059763,0.19223865505866705
1772696896181728500,1.777728515625,10.064007973766326,4.346885587720573,-0.08302293192781507
1772696896191699500,1.787699462890625,9.78436393391192,4.37645245846659,-0.4458580268185586
1772696896201670700,1.797670654296875,9.307876887008547,4.469442000070214,-0.7690648756761104
1772696896211641600,1.8076416015625,8.900303217333555,4.510203341786563,-0.994292119557783
1772696896221612500,1.817612548828125,8.661431332850455,4.367985074372589,-1.188128126810491
1772696896231582700,1.827582763671875,8.381506722488998,4.02576416683495,-1.1766636067271232
1772696896241553700,1.8375537109375,8.076357654500008,3.649891749586165,-1.024438689887896
1772696896251524400,1.8475244140625,7.763158551046252,3.303863558720052,-0.7092410330280661
1772696896261495600,1.85749560546875,7.2976891572415825,2.778139018177986,-0.3076705492906272
1772696896271466500,1.867466552734375,6.61806614062488,2.0115473276823757,0.0012689970225095747
1772696896281432300,1.877432373046875,5.530206021988391,1.422081844113767,0.2871510544836521
1772696896291403300,1.8874033203125,4.298991909906268,1.0254650372609495,0.144378514187783
1772696896301374500,1.89737451171875,2.9646739817023278,0.7496607216998934,-0.2753938715966418
1772696896311345400,1.907345458984375,1.2773282130032777,0.25782412997335197,-0.5940576701970771
1772696896321316600,1.917316650390625,-0.7484253346860409,-0.31422581615298983,-0.6949751187231391
1772696896331286500,1.92728662109375,-2.534675714251399,-1.07222941878438,-0.6531682865418493
1772696896341257200,1.93725732421875,-4.46894515646398,-1.5382520625576377,-0.6011473361970856
1772696896351228400,1.947228515625,-6.709597007852793,-1.8169611596494912,-0.6518475593321025
1772696896361199400,1.957199462890625,-8.809574314138294,-2.2089795327961443,-0.40814489369168877
1772696896371170300,1.96717041015625,-10.531861632359027,-2.670643396838009,-0.05769106383647304
1772696896381140500,1.977140380859375,-11.864527117180824,-3.4003856583639975,0.027891220018221065
1772696896391111400,1.987111328125,-13.134057223653793,-4.117996168069541,-0.17514317988362163
1772696896401082400,1.997082275390625,-14.241991577547788,-5.11123592903018,-0.3509370787609368
1772696896411053300,2.00705322265625,-14.926506457859277,-5.987232581618428,-0.47329460753761227
1772696896421024300,2.017024169921875,-15.245609816920757,-6.617250732588768,-0.49785300247184927
1772696896430994200,2.026994140625,-15.33607510074377,-6.915760216432809,-0.5886145658276974
1772696896440965400,2.03696533203125,-14.938856236344575,-6.7364423446804285,-0.6716963152706623
1772696896450936300,2.046936279296875,-14.081106603586672,-6.121026719558238,-0.5471495328214019
1772696896460907500,2.056907470703125,-12.86344696960449,-5.407271131715178,-0.11129961673282086
1772696896470878500,2.06687841796875,-11.197921987569332,-4.817426293440163,0.2726807401804253
1772696896480848400,2.076848388671875,-9.227800895252823,-4.387546391671895,0.555375765103288
1772696896490819300,2.0868193359375,-7.13653881034255,-4.058450630906224,0.6578069061279297
1772696896500790300,2.096790283203125,-5.1588481595546005,-3.7803582044079898,0.6123492232888936
1772696896510761200,2.10676123046875,-3.4499914007931944,-3.3736244926884766,0.4445677678123116
1772696896520732400,2.116732421875,-2.155857014417648,-2.6108324867367743,0.2911002305008471
1772696896530702300,2.126702392578125,-0.9936375281065701,-1.677298714198172,0.02837795322239399
1772696896540673500,2.136673583984375,0.22161562925577163,-0.9146218590587377,-0.1463316210169345
1772696896550644500,2.14664453125,1.1601818430036306,-0.4321303110435605,-0.028682781387865543
1772696896560615400,2.156615478515625,2.1598791095405816,0.1851188131161034,-0.19516462550796568
1772696896570585600,2.166585693359375,3.0758488760769365,0.796896520127356,-0.37270533151999113
1772696896580556300,2.176556396484375,4.095383646506071,1.2360923856429755,-0.5569815563321113
1772696896590527200,2.18652734375,5.078510301992297,1.4914485180675983,-0.49329782338552175
1772696896600498400,2.19649853515625,6.02426847307086,1.7138476989164948,-0.33762561563663185
1772696896610469400,2.206469482421875,7.026803008860349,1.8721780199587343,-0.11596709708720444
1772696896620439300,2.216439208984375,7.9619778266042465,2.0412639821626244,0.15662307873293757
1772696896630410500,2.226410400390625,8.656292800918221,2.2604693354062735,0.5292798949360847
1772696896640381400,2.23638134765625,9.182010619458556,2.462072542594373,0.98219368548505
1772696896650352400,2.246352294921875,9.549759059223533,2.677869256438315,1.489637961514294
1772696896660323300,2.2563232421875,9.870277545779944,2.8739474165946244,1.8094900931164621
1772696896670293200,2.266293212890625,10.084468577992915,2.9796833347856997,1.9393126970767973
1772696896680264400,2.276264404296875,10.168272650361061,3.0204844239905473,2.0701275269448756
1772696896690235400,2.2862353515625,10.093459693700074,3.0040719261109827,2.1357392322793602
1772696896700206300,2.296206298828125,9.927959334897995,3.0671430070519445,2.0058111221179367
1772696896710177500,2.306177490234375,9.65983505244553,3.1371590848252175,1.7537401488438247
1772696896720147500,2.3161474609375,9.264167509141563,3.184031310637295,1.3682741199500859
1772696896730118400,2.326118408203125,8.792984413865208,3.2357123980358242,0.9104181237585842
1772696896740089300,2.33608935546875,8.44148217550218,3.1971471050590274,0.310741773429513
1772696896750060300,2.346060302734375,8.034685919940472,2.986905979515612,-0.24867281873580066
1772696896760031500,2.356031494140625,7.713455485722422,2.5953043704763052,-0.6856748640015721
1772696896770001400,2.36600146484375,7.436589093887806,2.185242683377862,-0.995891590643674
1772696896779972400,2.375972412109375,7.128064411985874,1.7989765901476145,-1.0354254363916813
1772696896789943600,2.385943603515625,6.530526388859749,1.5671338736489415,-1.029102516980469
1772696896799914200,2.395914306640625,5.853999584692716,0.8808166200906038,-0.694646179029718
1772696896809885200,2.40588525390625,4.91464543543756,-0.06796966663748026,-0.04050298304110765
1772696896819855400,2.41585546875,3.6590140904575583,-0.6943333867534994,0.24575420960905028
1772696896829826300,2.425826416015625,2.1727064424097535,-1.0644719365254043,-0.06359549754071049
1772696896839797200,2.43579736328125,0.29179215828776356,-1.4018094559356569,-0.3638797085728496
1772696896849768400,2.4457685546875,-1.594606110203266,-1.8254285437434912,-0.3512406648173928
1772696896859739400,2.455739501953125,-3.2137808444738387,-1.962433752684295,-0.7010328113269061
1772696896869709600,2.46570947265625,-5.005964705741405,-1.815641309222579,-0.8271469892233609
1772696896879680500,2.475680419921875,-6.763210524618625,-2.0006246593907475,-0.45865120168980206
1772696896889651200,2.485651123046875,-8.431880818942188,-2.201995665258169,-0.11734854150824248
1772696896899622400,2.495622314453125,-10.108273816472291,-2.5571476583003996,0.09498740088995546
1772696896909592300,2.50559228515625,-11.723103215014934,-3.0283573493227363,0.23167598162963984
1772696896919563300,2.515563232421875,-12.924337783896922,-3.6018197925955056,-0.09409476289916784
1772696896929534500,2.525534423828125,-13.896659552252292,-4.247824909509718,-0.354882857244648
1772696896939505400,2.53550537109375,-14.445041622543334,-4.898920335300266,-0.4144642329063266
1772696896949476600,2.5454765625,-14.565702138143777,-5.435646746850013,-0.22667846560329197
1772696896959446500,2.555446533203125,-14.915863483291863,-5.9036605644404885,0.1164345684684813
1772696896969417200,2.565417236328125,-15.140455498009919,-6.200370305386185,0.07704462470319122
1772696896979388400,2.575388427734375,-14.961380202841758,-6.354921400150657,-0.04251353741222992
1772696896989359400,2.585359375,-14.42328337972164,-6.171258192670345,-0.1981990430341102
1772696896999330300,2.595330322265625,-13.37744629330039,-5.769644308182597,-0.37002811166737226
1772696897009300500,2.605300537109375,-12.004680268758534,-5.395086188402772,-0.5247323146343231
1772696897019271400,2.615271484375,-10.442021786957978,-5.001371532732248,-0.634992213055864
1772696897029242400,2.625242431640625,-8.784671928071976,-4.423266524350643,-0.7156590833768248
1772696897039213300,2.63521337890625,-6.926037280297279,-3.697620299966633,-0.6587066314466298
1772696897049184300,2.645184326171875,-4.849409869939088,-3.0265058762371537,-0.5118125907739625
1772696897059154200,2.655154296875,-2.9012130246609447,-2.4539126170143484,-0.31322142488341775
1772696897069125400,2.66512548828125,-1.0582266123950481,-1.784101969359815,-0.24788692905511706
1772696897079096300,2.675096435546875,0.772220636293292,-0.9161369397968053,-0.32782756746076047
1772696897089067500,2.685067626953125,2.5474738210260868,-0.05957154838740825,-0.3427720386143774
1772696897099038500,2.69503857421875,4.157541704255342,0.7952429077014327,-0.31486462551318106
1772696897109008400,2.70500830078125,5.319417491695284,1.6561878293693064,-0.2889354171497747
1772696897118979300,2.714979248046875,6.213314542633294,2.578101891262829,-0.33429077212549746
1772696897128950300,2.7249501953125,7.118512155264615,3.387093046070635,-0.38682602866794913
1772696897138921200,2.734921142578125,7.79033648082912,4.076243769489229,-0.17556118609998375
1772696897148892400,2.744892333984375,8.504505325648188,4.542186626024544,0.2947026754396036
1772696897158862300,2.7548623046875,9.17223215276599,4.988900173693895,0.9296698636520654
1772696897168833500,2.76483349609375,9.741557057842611,5.406152941340208,1.4880577065855263
1772696897178804500,2.774804443359375,10.11894484809041,5.650429315215349,2.004388249707967
1772696897188775400,2.784775390625,10.40542954761982,5.759436802423,2.3258929708227516
1772696897198745600,2.79474560546875,10.652048685228824,5.726477951151132,2.4934677978113293
1772696897208716300,2.80471630859375,10.725153668928145,5.658500393468141,2.5853888334006068
1772696897218687200,2.814687255859375,10.606170731151103,5.452343030107021,2.7345553125172852
1772696897228658400,2.824658447265625,10.536341408121585,5.272567477715015,2.702026084834337
1772696897238629400,2.83462939453125,10.322592274457216,5.373421469083428,2.426570728841424
1772696897248599300,2.844599365234375,10.041809001439809,5.515346306508779,2.087758022312075
1772696897258570500,2.854570556640625,9.653578914660216,5.638292302697897,1.5613488605067134
1772696897268541400,2.86454150390625,9.212528507319092,5.678118117129802,1.050510192798823
1772696897278512000,2.87451220703125,8.582037478139997,5.699566563349962,0.7793539222393184
1772696897288483000,2.884483154296875,8.101002266412973,5.631034878915548,0.4749041981587186
1772696897298453200,2.894453369140625,7.535459802484512,5.515616940143704,0.1959741517925635
1772696897308424200,2.904424072265625,7.047716617551446,5.31565784690082,-0.1655690035915002
1772696897318395100,2.91439501953125,6.4802177588582035,4.93312743306756,-0.56822662497852
1772696897328366300,2.924366455078125,5.687124430406093,4.306364484500885,-0.8291967613600194
1772696897338337300,2.934337158203125,4.867434186929464,3.211571643991768,-0.7291364776525646
1772696897348307200,2.94430712890625,4.075260895931721,1.730498097205162,-0.2484380235992372
1772696897358278400,2.9542783203125,3.1330724000334738,0.2982859042212367,0.2579618579436093
1772696897368249000,2.9642490234375,1.9027654659241438,-1.0369885940551757,0.5796709425240755
1772696897378220300,2.97422021484375,0.2553518946409225,-2.2178522828206417,0.478979302110523
1772696897388191200,2.984191162109375,-1.855086015382409,-3.0518741262495515,0.2756097063044086
1772696897398161200,2.9941611328125,-3.74260072068274,-4.095024165543913,0.3246609931886196
1772696897408132400,3.00413232421875,-5.821867831894755,-4.970542679226398,0.14975735768191514
1772696897418103300,3.014103271484375,-8.167447207701207,-5.284814380347728,-0.013796141368709504
1772696897428074200,3.02407421875,-10.27179849128723,-5.44792521366477,-0.06804554488528519
1772696897438045200,3.034045166015625,-11.852925526714325,-5.621476776975393,-0.25213742610644546
1772696897448015000,3.04401513671875,-13.602260426336526,-6.102313835781812,-0.3884636763397604
1772696897457986300,3.053986328125,-15.085801532280444,-6.493079578518867,-0.35062304437570274
1772696897467957200,3.063957275390625,-15.596525195306539,-6.919859468445181,-0.29728644485510886
1772696897477928200,3.07392822265625,-15.467419507443903,-7.616672104793786,-0.2515638274695724
1772696897487898400,3.0838984375,-15.335025299429892,-8.108311128121613,0.3025559827558696
1772696897497869300,3.093869384765625,-15.233044934380054,-8.259752566432953,0.6262937966849654
1772696897507840300,3.10384033203125,-14.88052679697275,-7.966672121900319,0.5375401390854269
1772696897517811200,3.113811279296875,-14.116187269318102,-7.255964231190085,0.15506759291924535
1772696897527782100,3.1237822265625,-12.881926044625043,-6.377106928473711,-0.0317062208622694
1772696897537752000,3.133751953125,-11.314688418340682,-5.514146867591142,0.14529281602110714
1772696897547723300,3.14372314453125,-9.273184343811868,-4.7744820547267794,0.5260963329965248
1772696897557694200,3.153694091796875,-7.021238944992422,-4.163707533408701,1.0029942622557282
1772696897567665400,3.16366552734375,-4.585817970219254,-3.6335508556380867,1.3138077857472001
1772696897577636400,3.17363623046875,-2.094330824831128,-3.2377319211646913,1.5138837833680212
1772696897587606300,3.183606201171875,0.3164665808171034,-2.722046544077992,1.6186204613886772
1772696897597577200,3.1935771484375,2.4023335286855696,-1.9739044102475045,1.5665078507050871
1772696897607548200,3.203548095703125,4.23988680998683,-0.8187909565493464,1.2034759180679917
1772696897617519000,3.21351904296875,5.755697031372785,0.6156921039760113,0.5131697410039603
1772696897627490300,3.223490234375,6.6348395807713265,2.041068313460052,-0.27826654095612463
1772696897637460200,3.233460205078125,7.30261843033731,3.176718941797316,-0.9388543099742382
1772696897647431200,3.24343115234375,7.738462501206993,4.021835595214367,-1.3075237370416521
1772696897657402400,3.25340234375,8.162886183395981,4.573464392341673,-1.1617219851177185
1772696897667373000,3.263373046875,8.666746390393376,4.8904284012869,-0.652368295270577
1772696897677344300,3.27334423828125,9.230914643359183,5.0331420510023825,-0.013926288820710033
1772696897687314200,3.283314208984375,9.621493923613428,5.2300072698831555,0.5492674748234451
1772696897697285000,3.29328515625,9.827935949134826,5.242018025672436,0.9696012573502957
1772696897707256300,3.30325634765625,10.089434675967693,5.177407314074039,1.2631557491354644
1772696897717227300,3.313227294921875,10.18849009348154,5.068682735460996,1.4333049566566942
1772696897727197200,3.323197265625,10.119338815844058,4.929033441752195,1.5897482949085533
1772696897737168400,3.33316845703125,10.016540120148658,4.83549474183321,1.6108315610781312
1772696897747139300,3.343139404296875,9.741156075826286,4.897029699248075,1.4275398172587155
1772696897757110300,3.3531103515625,9.395094567212462,5.174688118243217,1.1220951273240147
1772696897767081200,3.363081298828125,9.075741032782197,5.400794044655561,0.7294750619571656
1772696897777051100,3.373051025390625,8.848733189094066,5.5145794137895106,0.24937702148240057
1772696897787022300,3.383022216796875,8.583473063901065,5.528561761912703,-0.19617168365865945
1772696897796993300,3.3929931640625,8.300473868399857,5.4720268047422165,-0.6366192297358065
1772696897806964200,3.402964111328125,8.058738995701074,5.221474419337511,-1.1303538371033965
1772696897816935400,3.412935302734375,7.639591208088397,4.804933014830946,-1.4488061849102376
1772696897826905300,3.4229052734375,7.295537532165646,4.085450281512737,-1.4735530881538987
1772696897836876000,3.4328759765625,6.842840526172519,3.206754891359806,-1.2252787306837736
1772696897846847200,3.44284716796875,6.0480848174661395,2.413927812628448,-0.8443613050051033
1772696897856818200,3.452818115234375,5.193085944721102,1.5808897195398806,-0.4531961146216839
1772696897866789400,3.462789306640625,3.9989357811421153,0.6620625177457928,-0.07862089757658541
1772696897876759300,3.47275927734375,2.3570441881507636,-0.26888971386700866,0.028466216027736663
1772696897886730200,3.482730224609375,0.18464929590821266,-1.2265008198246359,0.07661525684259832
1772696897896701400,3.492701416015625,-2.225737190851569,-2.251443002255261,0.2854030417725444
1772696897906672000,3.502672119140625,-4.1380847241133445,-3.462696860848367,0.532364124687016
1772696897916643000,3.51264306640625,-6.091300274336338,-4.34746104952097,0.4629748735751956
1772696897926613200,3.52261328125,-8.22437788619101,-4.999955820715427,0.21143150437176225
1772696897936584200,3.532584228515625,-10.358083274555206,-5.5409635628461835,-0.32513394446261223
1772696897946555100,3.54255517578125,-12.383591907572745,-6.004692250463366,-0.7496352949976921
1772696897956526300,3.5525263671875,-14.29389127613306,-6.536069994461536,-0.8535902480561286
1772696897966496300,3.562496337890625,-15.630854165887833,-6.694387163761258,-1.0450006355971098
1772696897976467200,3.57246728515625,-16.08358741223812,-6.771080527341366,-1.4979931174054741
1772696897986438400,3.5824384765625,-16.071167491126058,-7.043992044070363,-1.3031594043523071
1772696897996409000,3.5924091796875,-15.85906086397171,-7.426293325322866,-0.33455811782479283
1772696898006380300,3.60238037109375,-15.69684201105833,-7.602023401716351,0.7265589553147555
1772696898016350200,3.61235009765625,-15.398173537260293,-7.561438293349743,1.495995806108415
1772696898026321200,3.622321044921875,-14.571174432075022,-6.997360641276836,1.5927366630695758
1772696898036292400,3.632292236328125,-13.303224872791766,-6.187774443185329,1.273643533141166
1772696898046263300,3.64226318359375,-11.690012261795998,-5.45282935231924,1.0278889034070073
1772696898056234200,3.652234130859375,-9.752220490676164,-4.990596456217766,1.0254417294505982
1772696898066204400,3.662204345703125,-7.455328281149268,-4.701750580514967,1.3512372065618634
1772696898076175000,3.672175048828125,-5.029571206778288,-4.307331868228316,1.6224612085953354
1772696898086146300,3.682146240234375,-2.650097160154581,-3.8544346634879707,1.8614061583146453
1772696898096117200,3.6921171875,-0.4350122962206602,-3.308453224597871,1.888557200090587
1772696898106088200,3.702088134765625,1.4685790991336107,-2.6257591299727556,1.676005021125823
1772696898116058400,3.712058349609375,3.0428882712394,-1.6449626709997653,1.0910537270460277
1772696898126029300,3.722029296875,4.256743252241611,-0.3750435652092099,0.31392343567293135
1772696898136000300,3.732000244140625,5.1368993625968695,1.0372221105501056,-0.4800052110921591
1772696898145971200,3.74197119140625,6.024947102984786,2.1367568848893046,-0.9680361999906599
1772696898155941000,3.751941162109375,6.841076439109444,2.931713084603846,-1.068683270610124
1772696898165912000,3.761912109375,7.445240017855167,3.5981308749496934,-1.0417406108878553
1772696898175883300,3.77188330078125,8.038337428185343,4.0533828261226414,-0.8342802021041512
1772696898185854200,3.781854248046875,8.630466285744308,4.358922354733943,-0.5130364700131118
1772696898195825400,3.791825439453125,8.92476078224182,4.574705916835367,-0.09758739078789949
1772696898205795300,3.80179541015625,9.294578429496287,4.7076939990893,0.37347474498990924
1772696898215766300,3.811766357421875,9.65286170630157,4.802863515080511,0.641311260009557
1772696898225737200,3.8217373046875,9.87244612199068,4.823037119059264,1.0542204454936086
1772696898235708200,3.831708251953125,10.04399043713212,4.683243448443711,1.43461837734282
1772696898245679000,3.84167919921875,10.146152003967762,4.545805108782649,1.661901238580048
1772696898255649300,3.851649169921875,10.27027055106759,4.453371739757061,1.5717184249602256
1772696898265620200,3.8616201171875,10.30775827794075,4.443111042505502,1.3290975632071493
1772696898275591200,3.871591064453125,10.343812757140398,4.49678155015558,1.0388004657827317
1772696898285563000,3.88156298828125,10.23739119477272,4.508798151163757,0.7483993234619498
1772696898295533600,3.891533447265625,10.17024950339198,4.504342925320565,0.3675102105623111
1772696898305503700,3.901503662109375,9.961733009684085,4.751174244375527,0.06380359646659343
1772696898315474700,3.911474609375,9.473084400343895,4.76689992903471,-0.26528047386128456
1772696898325445600,3.921445556640625,8.684822145310044,4.928610247904062,-0.4381102622359991
1772696898335416800,3.931416748046875,8.047717835471033,4.9080637189596885,-0.5506593675732613
1772696898345387800,3.9413876953125,7.305651514422893,4.752029984422028,-0.6360221406254917
1772696898355357700,3.951357666015625,6.723624364161491,4.5696644155368205,-0.9346822849866002
1772696898365329000,3.961328857421875,6.073532562455535,4.050102197016775,-0.8344178570091724
1772696898375299600,3.971299560546875,4.935320559197664,3.347159971871972,-0.5606153827898204
1772696898385270800,3.981270751953125,3.6551544924199577,2.3745488651812074,-0.25494985317867247
1772696898395240700,3.99124072265625,2.357300208738446,1.1373664923444389,0.16226587039288132
1772696898405211600,4.001211669921875,0.740107003673911,-0.22971885621249674,0.5163236749902367
1772696898415182800,4.011182861328125,-1.470372412291169,-1.5037269848823547,0.704170305635035
1772696898425153800,4.02115380859375,-3.9824657078564165,-2.5519068350374696,0.5598560888551175
1772696898435124700,4.031124755859375,-6.40788025240004,-3.369121628311276,0.1179973608057946
1772696898445095000,4.041094970703125,-8.620745686718822,-3.9612174603834744,-0.2855620317265391
1772696898455065600,4.051065673828125,-10.751136835968493,-4.295797497779131,-0.6496538486801088
1772696898465036800,4.061036865234375,-12.95006142321825,-4.639898519974946,-0.8321236085921525
1772696898475007700,4.0710078125,-14.484405664682388,-5.2498330833375455,-0.6699873193956911
1772696898484978700,4.080978759765625,-15.367843865448236,-5.743447206130623,-0.3695124537628144
1772696898494948900,4.090948974609375,-16.35541347181797,-6.217320855665206,0.08516109473397955
1772696898504919800,4.100919921875,-16.67172164720297,-7.130293778473138,0.20151249669734386
1772696898514890800,4.110890869140625,-16.159199994844197,-8.094937267285585,0.43084604338668286
1772696898524861700,4.12086181640625,-15.477631104856728,-8.88190597537756,0.7658106961857527
1772696898534832600,4.13083251953125,-14.781947180277108,-9.364059377479553,1.172346620310843
1772696898544802600,4.140802490234375,-13.709404457759856,-9.377785120493174,1.4677815190151333
1772696898554773800,4.150773681640625,-12.448010895991324,-8.92694280245602,1.6748044131644069
1772696898564744700,4.16074462890625,-10.95099656049013,-8.023082575908303,1.6883166595578192
1772696898574716000,4.1707158203125,-9.276070712903142,-6.9861927660524845,1.6168373773641884
1772696898584686800,4.180686767578125,-7.526873760446906,-6.093262514320015,1.6695429855048656
1772696898594656800,4.19065673828125,-5.804792778453231,-5.25735880266726,1.8325459745332597
1772696898604628000,4.2006279296875,-4.197449936273694,-4.287417791968584,1.833401422318816
1772696898614598700,4.2105986328125,-2.557003281393647,-3.2586025674968955,1.8043818101920186
1772696898624569600,4.220569580078125,-1.010868648892641,-2.3447703975111245,1.6477955563381312
1772696898634539800,4.230539794921875,0.4162988279223442,-1.2686737819045781,1.4161790498107671
1772696898644510700,4.2405107421875,1.7967156594783067,-0.3184896110773086,1.188201192046702
1772696898654481700,4.250481689453125,2.5822680710315704,0.9438122977077961,0.8600188928641378
1772696898664452900,4.260452880859375,3.27211554454267,2.388441781455278,0.1227338878083974
1772696898674423800,4.270423828125,3.7385529065966603,3.7064085865780707,-0.7649907581049948
1772696898684393700,4.280393798828125,4.673268874657154,4.256053808672726,-0.7727594193451106
1772696898694364700,4.29036474609375,5.3891866089701645,4.82785650203973,-1.147428159892559
1772696898704335600,4.300335693359375,6.366609499856829,5.380232902663946,-1.221271760064736
1772696898714306800,4.310306884765625,7.152943417176604,5.564646051728725,-0.895824950260669
1772696898724277800,4.32027783203125,8.024743202596902,5.542567490911483,-0.5217298448827118
1772696898734247700,4.33024755859375,8.754809289249778,5.622292769533395,-0.32011348595209416
1772696898744219000,4.340218994140625,9.338951824229955,5.700248115873336,-0.16339567814040928
1772696898754189800,4.35018994140625,9.514580778336525,5.910742631655931,-0.13321166187673805
1772696898764160500,4.360160400390625,9.896322672140597,5.836641038134694,0.06259338042661547
1772696898774131700,4.370131591796875,10.494901144230365,5.429709173494577,0.5139381315605714
1772696898784101600,4.3801015625,10.033354476827382,5.330661939287185,0.4056801840785891
1772696898794072800,4.39007275390625,9.643826166930793,5.874260282433033,0.21782990017198026
1772696898804043800,4.400043701171875,9.505687277784943,6.006645722618699,0.0014286445636302232
1772696898814014700,4.4100146484375,7.286569797334074,7.27398971722424,-1.5135516288042068
1772696898823985000,4.41998486328125,8.652069630265235,6.9080784297585485,-0.7027061513666063
1772696898833955800,4.429955810546875,9.424186221662163,6.115660808610916,-0.9731372494567185
1772696898843926800,4.4399267578125,9.444866021597385,6.01579991993308,-1.2653788320124149
1772696898853897700,4.449897705078125,9.469799971845745,5.759682301616668,-1.0765032967112957
1772696898863868700,4.45986865234375,10.412025292623042,5.441867228800058,-0.8188171139039099
1772696898873838600,4.469838623046875,10.979576173764466,5.152898311239481,-0.5647773613074794
1772696898883809800,4.479809814453125,10.539488473975657,4.5778792861744755,-0.5437459714556112
1772696898893780700,4.48978076171875,10.200503187358379,3.557733982631564,-0.06181085174679756
1772696898903752000,4.499751953125,10.06832759053111,2.246295410233736,0.4782412336269393
1772696898913723000,4.509722900390625,10.267743078416585,0.9184677208319306,0.808107430775836
1772696898923692800,4.51969287109375,8.454899290958046,-0.7068336796253919,2.9559964619889856
1772696898933663700,4.529663818359375,5.7757309346199035,-1.9286948569506406,4.123756046770513
1772696898943634700,4.539634765625,3.2613258549809454,-2.647363059015572,3.549232111746073
1772696898953605600,4.549605712890625,1.4766115989416837,-3.2251842820197343,2.909752889469266
1772696898963575800,4.559575927734375,-1.4263514842569827,-4.166955429288745,2.341772092477977
1772696898973546800,4.569546630859375,-5.668937616330385,-4.569406933644414,0.7890702104158699
1772696898983517700,4.579517578125,-10.254815792304276,-3.7918995891198515,-1.3372069276437162
1772696898993489000,4.589489013671875,-13.04905371236801,-2.7350340359449383,-3.4415804230615494
1772696899003459600,4.59945947265625,-15.299664063191413,-1.7680786169283091,-4.46452558645606
1772696899013429800,4.6094296875,-17.63857112162709,-0.9764606217257678,-4.781838847230374
1772696899023400700,4.619400634765625,-20.235086329197884,-0.19105236788354812,-4.170175268118083
1772696899033371600,4.62937158203125,-22.331490453171728,0.18949116471512242,-3.9327228950440882
1772696899043342800,4.6393427734375,-22.623211299788952,0.2829073524992913,-3.8414667531043287
1772696899053313800,4.649313720703125,-21.784366273987292,0.4933308123396709,-3.5628579015165567
1772696899063283700,4.65928369140625,-20.933094312810898,0.36692466575931754,-2.3287726179122923
1772696899073255000,4.6692548828125,-19.781417847824095,0.31132571079730986,-1.0356538383200764
1772696899083225600,4.6792255859375,-17.928967441642282,0.19955548087805508,-0.0408222598570399
1772696899093196800,4.68919677734375,-15.899938817805051,-0.0752980732968077,0.7190782441705464
1772696899103167700,4.699167724609375,-13.39667355633974,-0.27423637212458996,1.5179061707518995
1772696899113137700,4.7091376953125,-10.379143598240613,-0.8323072945959865,1.9135430266566573
1772696899123108900,4.71910888671875,-7.054132329812646,-1.261796735741943,1.8109205643109976
1772696899133079800,4.729079833984375,-4.126029544660449,-1.7376076369494198,1.641557538731396
1772696899143050800,4.73905078125,-1.5336843162506817,-2.1581100540414453,1.5104060242548585
1772696899153021000,4.74902099609375,0.584252425095439,-2.2662612166807055,1.4311609303653239
1772696899162991900,4.758991943359375,2.214472284993529,-1.7075347163774073,1.386710378742218
1772696899172962600,4.768962646484375,3.6363825719326734,-0.5905795092251152,1.1588042710401116
1772696899182933800,4.778933837890625,5.214450219789147,0.3986044004734605,0.5407164310339838
1772696899192904700,4.78890478515625,5.860215390467643,1.0177025865659117,0.23198314788267016
1772696899202874600,4.79887451171875,7.080418863713741,1.5407957556910812,0.16896755998861043
1772696899212845800,4.808845703125,8.283674124768377,1.3691951803177593,0.07002860846128314
1772696899222816800,4.818816650390625,9.206934048312903,0.9674017014794051,0.3140026383889839
1772696899232788000,4.8287880859375,9.614630467584728,0.6891169672794639,0.6901373963683843
1772696899242758700,4.838758544921875,10.171920066952705,0.4176884556498378,0.9432549560859799
1772696899252728600,4.848728515625,10.563888755738734,0.40984614465162156,0.9573822656378149
1772696899262699800,4.85869970703125,10.64444756257534,0.4699999499063939,0.8336156007155775
1772696899272670700,4.868670654296875,11.02550205863714,0.175558848012425,1.1344364302419125
1772696899282642400,4.878642333984375,11.598649152350426,-0.07196158581785857,1.3400569102473556
1772696899292612400,4.8886123046875,11.586272485858201,-0.3764167532585561,1.5656620475307106
1772696899302583600,4.89858349609375,11.317145748364926,-0.6158537242785096,1.5668264151349662
1772696899312554200,4.90855419921875,11.788625780761242,-0.8154352894458919,1.4784505048066376
1772696899322525400,4.918525390625,11.57529165763855,-0.8215184818170964,1.3805322746291755
1772696899332496400,4.928496337890625,11.125387497234344,-0.7355179223179816,1.2737163061164318
1772696899342466300,4.93846630859375,10.940016901314259,-0.5510798945402726,0.9840813989277929
1772696899352437500,4.9484375,10.728948385035991,-0.4655211239919066,0.6974722693011164
1772696899362408400,4.958408447265625,10.518520504748821,-0.5567371896496043,0.36430659221541134
1772696899372379400,4.96837939453125,10.293888742542267,-0.4874046006284654,-0.21971670029927043
1772696899382350300,4.978350341796875,9.997540820646286,-0.3905253581099212,-0.9093058516677468
1772696899392320500,4.988320556640625,9.579693594238162,-0.5288534131523221,-1.2345233827605844
1772696899402291500,4.99829150390625,8.948142826873063,-0.5138019014276564,-1.1026198808729648
1772696899412262400,5.008262451171875,7.838032297983765,-0.43539903051592405,-0.5942771946992724
1772696899422233300,5.0182333984375,7.018672309374809,-0.8740680226132274,-0.14461645112950353
1772696899432204500,5.02820458984375,6.341080506324768,-1.2391177248135208,-0.02718899916615337
1772696899442174500,5.038174560546875,4.66712145794332,-1.3707809882044792,0.3853223826393485
1772696899452145400,5.0481455078125,2.1753829681426287,-1.6209208472855388,1.116064176596701
1772696899462116400,5.058116455078125,-0.38058512498438357,-2.122076325368881,1.7996708560220895
1772696899472087300,5.06808740234375,-3.1965146523743866,-2.7566698214307426,2.669069863910973
1772696899482057200,5.07805712890625,-6.376115579348802,-3.434851114806533,2.916932279579341
1772696899492028400,5.0880283203125,-9.981913043403624,-3.222672299198806,1.9696414921060204
1772696899501999400,5.097999267578125,-14.403033203375339,-1.9489190220728516,0.3465603980466723
1772696899511970600,5.107970458984375,-18.64616177176237,-0.22214294106550514,-2.008188080382347
1772696899521941500,5.11794140625,-21.916087112784385,1.8087693776264786,-4.352128749071062
1772696899531911400,5.127911376953125,-24.625364776182174,3.603832885983586,-6.244657775402069
1772696899541882600,5.137882568359375,-26.68243759124279,4.79812888777405,-6.918860520535707
1772696899551853300,5.147853271484375,-26.960852381563186,5.537337189042568,-6.707157213485241
1772696899561824300,5.15782421875,-25.51146956580877,5.174359032419324,-6.162066001433134
1772696899571795500,5.16779541015625,-23.150379901659488,4.109226878419518,-4.769974806435406
1772696899581765400,5.177765380859375,-21.119930889630318,2.7892566245198247,-2.4942300143554803
1772696899591736300,5.187736328125,-18.719375476533173,1.4921813623867928,-0.8193626920226961
1772696899601707500,5.19770751953125,-15.637903499877451,0.28197500355262306,-0.08477116383463144
1772696899611678500,5.207678466796875,-12.085067226159572,-1.1460021456774323,-0.09188238407932221
1772696899621649400,5.2176494140625,-8.908709811151027,-2.3290679475970566,-0.3387169910699129
1772696899631619300,5.227619384765625,-5.914011278063058,-2.9123312155246732,-0.07646072386801242
1772696899641590300,5.23759033203125,-3.3233582405239344,-3.2554142928496,0.8030283008806407
1772696899651561500,5.2475615234375,-1.640239149609208,-2.9193989619538185,1.187669934714213
1772696899661532400,5.257532470703125,0.08071545870304107,-2.12477360162884,1.6470704569339751
1772696899671502300,5.26750244140625,2.060342630511522,-1.4484227385506032,1.611641123895347
1772696899681473500,5.2774736328125,3.6348008556991815,-0.363914158831723,0.44125542839393017
1772696899691444500,5.287444580078125,5.070642052835225,0.44899365796316415,-0.1035079399432987
1772696899701415400,5.29741552734375,5.902321424791216,1.0575615726150571,-0.06972432828508317
1772696899711386400,5.307386474609375,6.592158376908302,1.411585146149248,0.20455314303487537
1772696899721356300,5.317356201171875,7.333969261890649,1.7461935328565537,0.8255336357425898
1772696899731326500,5.327326416015625,8.619594763118029,1.7364990911856293,1.7129183091118931
1772696899741297400,5.33729736328125,9.592159108057617,1.3412833833023905,1.9920761728845535
1772696899751268400,5.347268310546875,10.578637412059306,1.3876478057228028,1.3704521946415305
1772696899761239600,5.357239501953125,11.490044985246657,1.390779820138216,0.7848872256428003
1772696899771209500,5.36720947265625,11.770491573655605,1.2306202378422022,0.37865854083597655
1772696899781180400,5.377180419921875,12.277606398534774,1.3330861944518984,0.6676151834368705
1772696899791151600,5.387151611328125,12.85209204737544,1.2545948415391146,1.5297726957648992
1772696899801122300,5.397122314453125,12.314029126524925,0.7657312742739916,2.3097636737987397
1772696899811092500,5.407092529296875,10.986063197696208,0.39825679261218755,2.6343176994815467
1772696899821063400,5.4170634765625,10.649060609328746,0.40552225357051935,2.8251228876709935
1772696899831034400,5.427034423828125,11.541639563405512,0.17502784640826283,2.674631297430396
1772696899841005300,5.43700537109375,12.890456557083128,-0.1734330514974892,2.860048655101657
1772696899850976500,5.4469765625,13.235707918357848,-0.7756574788741767,2.968365821957588
1772696899860946400,5.456946533203125,13.416190742236376,-1.0888065326411276,3.2074493033647533
1772696899870917400,5.46691748046875,14.164238475781678,-1.6287176386415958,3.633464346398413
1772696899880888600,5.476888671875,14.19696585638523,-2.234968545055389,3.389721056486666
1772696899890859300,5.486859375,13.346481830716133,-1.956003135114908,2.7677105631440875
1772696899900830500,5.49683056640625,12.160664611196518,-1.2653209643453358,1.9218164956137538
1772696899910800400,5.50680029296875,11.655489229947328,-0.9541643265046179,1.46969904307425
1772696899920771300,5.516771240234375,10.925319682919978,-1.0584165820091962,1.0699315171055495
1772696899930742500,5.526742431640625,9.695395026126503,-1.1318302663315087,1.0554456764396278
1772696899940713500,5.53671337890625,8.024800485742091,-1.0669193296775221,1.4949062573060392
1772696899950684400,5.546684326171875,6.534969339743256,-1.1432931789796799,1.8658257283225654
1772696899960654600,5.556654541015625,5.019405786594748,-1.7723124551057814,2.0934034808531403
1772696899970625300,5.566625244140625,3.186774764126539,-2.789191450329125,2.1384714337222275
1772696899980596200,5.57659619140625,0.6933090121418237,-3.392057975001633,1.7202290705166756
1772696899990567400,5.5865673828125,-2.890518612167239,-2.802134518532455,1.241749973013252
1772696900000537300,5.596537353515625,-7.025517060703039,-2.142805663534254,0.7285629155483097
1772696900010508300,5.60650830078125,-10.444232448744772,-1.4527172208741306,-0.7102630695521831
1772696900020479500,5.6164794921875,-13.240305767542123,-0.2035413356438279,-3.2854601792842146
1772696900030450400,5.626450439453125,-16.330164464271068,0.9484094162397086,-6.654165628010034
1772696900040421400,5.63642138671875,-19.76140148023367,1.4167656175270675,-9.205830470985173
1772696900050391600,5.6463916015625,-23.194401414215562,1.5452651561900972,-9.486113977786898
1772696900060362200,5.6563623046875,-27.229262495219707,2.412759499501437,-7.994224730214476
1772696900070333400,5.66633349609375,-30.018736561882495,4.30982485408783,-7.092115731248259
1772696900080304400,5.676304443359375,-28.57940518454313,4.738220362517238,-6.452824725019932
1772696900090275600,5.686275634765625,-25.327216575741765,3.0256939753323793,-4.415705149185658
1772696900100245500,5.69624560546875,-22.304139504909514,1.225179069701582,-1.8778344382852314
1772696900110216400,5.706216552734375,-18.90271310532093,-0.024126067931577563,-0.14177096203789114
1772696900120187600,5.716187744140625,-15.060503424894808,-0.8572820883113891,0.5830433415666222
1772696900130158300,5.726158447265625,-10.804634617400168,-1.0813125236239283,-0.023552725023031233
1772696900140129300,5.73612939453125,-7.01659901023209,-0.7328110745120793,-0.37909722451418637
1772696900150099500,5.746099365234375,-4.020924910110235,-0.7159593814976513,0.48998745672851796
1772696900160070400,5.7560703125,-1.590275972044468,-0.4428038999449461,1.2595704379945993
1772696900170041300,5.766041259765625,0.5102759192585945,0.10724968375489115,1.8201552795156835
1772696900180012500,5.776012451171875,1.8687480455100536,0.5209285384371877,2.1886378787741063
1772696900189983500,5.7859833984375,2.9392583854168652,0.8113156522326171,1.9618325719207523
1772696900199953400,5.795953369140625,4.466545109584927,1.5105489398568868,2.206170320594311
1772696900209924400,5.80592431640625,5.596237706300616,2.1006173577547074,3.1164038815662263
1772696900219895300,5.815895263671875,7.923178432610631,2.2416719882167873,3.7953172886088486
1772696900229866500,5.825866455078125,9.638469023811817,1.8752268861353396,3.914675781700015
1772696900239836400,5.83583642578125,9.941337871909141,1.316951490600407,4.258382836142182
1772696900249807400,5.845807373046875,10.74071597971916,0.9903996421638875,4.555137000751495
1772696900259778600,5.855778564453125,10.89676461956501,1.1215558328155428,4.283998923435807
1772696900269749500,5.86574951171875,10.683746138262748,1.269198390300572,3.835873755402863
1772696900279720200,5.87572021484375,10.979483819305896,1.2849001095622776,4.342310534889996
1772696900289689600,5.885689697265625,11.276219863736628,1.2332380191251635,5.0242076339185235
1772696900299660800,5.895660888671875,11.22759465677738,1.1810238477632402,5.298972669559717
1772696900309631500,5.905631591796875,11.437377224898338,0.9770034964308142,5.130386619701981
1772696900319602700,5.915602783203125,11.67853692805767,0.7018635630626231,4.659890337646007
1772696900329573600,5.92557373046875,11.149010364884138,0.7771228021863847,4.343463212056458
1772696900339543600,5.93554345703125,9.885721783149242,1.1550446993108838,4.45743825854361
1772696900349514800,5.9455146484375,9.316242564293741,1.6039800877481698,4.295366120624542
1772696900359485700,5.955485595703125,9.753063371241092,1.9129262099325657,3.8615833661988375
1772696900369456600,5.96545654296875,10.241413874417542,2.000880387717485,3.2658626216277478
1772696900379427600,5.975427490234375,10.090669186198712,2.042104232379049,2.5796608111426234
1772696900389398500,5.9853984375,9.620067105680704,2.1796103765793142,1.983193047596514
1772696900399369700,5.99536962890625,9.151624833545089,2.2830900402761993,1.3406702198401093
1772696900409340700,6.005340576171875,8.366558159682155,2.12253064500764,0.9786480487674474
1772696900419311600,6.0153115234375,7.3026441493004555,1.8557284049391745,0.3890273746371269
1772696900429281800,6.02528173828125,5.566778387582302,1.4113815864011645,-0.601119388744235
1772696900439252700,6.035252685546875,3.2892700929611918,0.56078854739964,-0.8174331121996045
1772696900449223400,6.045223388671875,2.5489549994945526,-0.8227319492600857,-0.2858287198387086
1772696900459194600,6.055194580078125,3.0221044264078136,-2.3673059083156285,0.16145006049796937
1772696900469164500,6.06516455078125,1.5734095929175613,-3.496359768736362,0.3231367062307894
1772696900479135500,6.075135498046875,-0.6753729579567909,-4.177282177513837,0.6046909636206924
1772696900489106700,6.085106689453125,-2.737867798066139,-4.5454628712162375,0.6115216864235699
1772696900499077600,6.09507763671875,-4.86415911078155,-4.3466818818420165,-0.1264285776078701
1772696900509048600,6.105048583984375,-8.484275607568025,-3.7936861802756785,-1.7114828694812954
1772696900519018800,6.115018798828125,-11.264779601311684,-3.7001720302760597,-2.635703016360104
1772696900528989400,6.124989501953125,-12.712798142975569,-3.755108904600143,-3.1204455581724644
1772696900538960600,6.134960693359375,-15.306535702526569,-2.464234396803379,-3.915102774940431
1772696900548931600,6.144931640625,-18.184522749900818,-0.9795100724242627,-3.941479032951593
1772696900558902800,6.15490283203125,-19.463380656689406,-1.5410558679319917,-3.1362007611870766
1772696900568872700,6.164872802734375,-20.210894137227534,-1.8548279489681123,-2.283513818646222
1772696900578843600,6.17484375,-19.86744310337305,-1.8769144008308647,-2.3006742122836408
1772696900588814800,6.18481494140625,-19.075993450474737,-2.270935930493474,-2.5024191660299895
1772696900598785500,6.19478564453125,-17.654456088501213,-2.4906980408370494,-2.851915325267613
1772696900608756500,6.204756591796875,-16.20686541686058,-2.5724890198171138,-3.0739690536797046
1772696900618726700,6.2147265625,-14.563318457877635,-2.4811899155184625,-3.0375714601308106
1772696900628697600,6.224697509765625,-12.490444847095011,-2.047560013566911,-2.4015222123026847
1772696900638668500,6.23466845703125,-10.160416676163672,-1.542477279037237,-1.6590930492915212
1772696900648639700,6.2446396484375,-7.616214424154162,-0.9602005379289388,-0.7150701775729655
1772696900658610700,6.254610595703125,-5.215324080014229,-0.9968503526732325,-0.5904848897442221
1772696900668580600,6.26458056640625,-2.8010698119103905,-0.8307868070304393,0.09498407642170786
1772696900678551600,6.274551513671875,-0.51412616494596,-0.67383595764786,0.5476313980542123
1772696900688522500,6.2845224609375,1.3979501501590013,-0.5291118448927998,1.143063388811797
1772696900698493700,6.29449365234375,2.870249731120467,-0.2367988776013255,1.7174078756161033
1772696900708464600,6.304464599609375,3.917792452415824,0.5436234775871038,1.7686697146892547
1772696900718434600,6.3144345703125,4.784507481917738,1.5011533350020647,1.2618274231411515
1772696900728405800,6.32440576171875,5.465222385424375,2.168176397764683,1.1104054201826452
1772696900738376700,6.334376708984375,6.155215989407897,2.544234108452499,0.8776346290536224
1772696900748347600,6.34434765625,7.033447269180416,2.622586345155537,0.6937808674372732
1772696900758318600,6.354318603515625,7.986040254715085,2.762484645189345,1.0637762093462049
1772696900768288500,6.36428857421875,8.817664097091555,3.022081630054116,1.3897275346063076
1772696900778259500,6.374259521484375,9.757606275367737,2.5842878864213823,2.0428325466535986
1772696900788230700,6.384230712890625,10.46788688057661,2.146694049274921,2.312063913565129
1772696900798201600,6.39420166015625,10.972708041560649,2.0626973769441244,2.2517530911177395
1772696900808172800,6.4041728515625,11.339314325553179,1.7744325159996748,2.438302959950268
1772696900818142700,6.414142822265625,11.316887389689683,1.6013012239277362,2.540701550412178
1772696900828113700,6.42411376953125,11.10690959125757,1.4831985761165618,2.452673430608213
1772696900838084600,6.434084716796875,10.779598375821113,1.5611168053165076,2.1787308172658086
1772696900848055600,6.4440556640625,10.368206024640799,1.7923142096489666,1.7572240454368293
1772696900858025500,6.454025390625,10.170459931272267,1.8533523234575986,1.1502718588858842
1772696900867996700,6.46399658203125,10.064966589665412,1.9992758751302957,0.6175038295730948
1772696900877967600,6.473967529296875,9.849337633603811,1.882801705303788,0.018415069873631
1772696900887938800,6.483938720703125,9.618668929320574,2.0951187603384254,-0.6324265272863209
1772696900897909800,6.49390966796875,9.185857358014584,2.526134388138354,-0.8985405658949166
1772696900907879700,6.503879638671875,8.512830086401104,2.6916294862434267,-0.9439849508609622
1772696900917850600,6.5138505859375,7.741015692821144,3.0725270381778476,-0.6925431423358619
1772696900927821600,6.523821533203125,7.198847090217471,3.5866461888611316,-0.3356131798356771
1772696900937792500,6.53379248046875,6.528312804463505,3.544365674753487,0.15733729141689837
1772696900947763700,6.543763671875,5.672115077322721,2.874270657199621,0.8165102982662618
1772696900957733600,6.553733642578125,4.402787215423584,2.2375325503244996,1.0765906827338039
1772696900967704600,6.56370458984375,2.937712909540534,1.4792939698934555,0.9784613670889287
1772696900977675800,6.57367578125,1.1972487141162156,-0.11041443139612674,1.132198368991539
1772696900987646500,6.583646484375,-0.7505389658391475,-1.619409858200699,0.7185547317530959
1772696900997617700,6.59361767578125,-2.322255198842287,-2.391318652065843,-0.30518231267146767
1772696901007587600,6.603587646484375,-3.9295501102268693,-2.553501410752535,-1.4806690576389432
1772696901017558500,6.61355859375,-5.55497747515142,-2.3157398255988952,-1.967431999363005
1772696901027529700,6.62352978515625,-6.99664401744008,-2.2324352271854875,-1.8991911145687101
1772696901037500700,6.633500732421875,-8.839610555961727,-2.3377304158717394,-1.5509933245785534
1772696901047471600,6.6434716796875,-10.832228726768493,-2.8853552380546925,-0.9841505917064844
1772696901057441800,6.65344189453125,-12.686793933147191,-3.3336659917876124,-1.0840817691415547
1772696901067412700,6.663412841796875,-14.561621006309986,-3.641465282024443,-1.4503896547093986
1772696901077383400,6.673383544921875,-16.352918732392787,-3.7272608204707502,-1.8670470868110656
1772696901087354600,6.683354736328125,-17.80862841308117,-3.1857226247251034,-2.35885489083454
1772696901097325600,6.69332568359375,-18.894772959971426,-2.2316543059408662,-2.818486226135492
1772696901107295500,6.70329541015625,-19.496274041509626,-1.5937700977705418,-2.9294252659276125
1772696901117266700,6.7132666015625,-19.700251138222217,-1.7293861904405057,-2.1853587109729644
1772696901127237600,6.723237548828125,-18.928806162476537,-1.8868685163512824,-1.1726456032574175
1772696901137208600,6.73320849609375,-17.05600270409584,-1.990181299048662,-0.40869054487571116
1772696901147179500,6.743179443359375,-14.478776718884706,-2.093825213396549,0.10123312687911093
1772696901157149400,6.7531494140625,-11.057874049931764,-2.4266347339883447,0.16061119852103292
1772696901167120600,6.76312060546875,-7.73999862473309,-2.6733710682362317,0.08226451477594673
1772696901177091600,6.773091552734375,-4.678917694199085,-2.7479680440589784,0.07046162958368658
1772696901187062800,6.783062744140625,-2.1735013921797273,-2.1201488644376396,0.16749116729311644
1772696901197033700,6.79303369140625,0.011297054561972617,-1.2682567255362867,0.39655367848873135
1772696901207003600,6.803003662109375,1.7830156354278326,-0.6930605903387069,0.6321387963861227
1772696901216974800,6.812974853515625,3.444083638054132,-0.0967456792667508,0.7442221839077771
1772696901226945500,6.822945556640625,5.011425309234857,0.4450508751541376,0.650347091641277
1772696901236916500,6.83291650390625,6.376951445651054,0.8927250845491885,0.5023593009151518
1772696901246887700,6.8428876953125,7.450674317863583,1.3107961828410624,0.3772074652448296
1772696901256857600,6.852857666015625,8.470767306697368,1.6769617373287677,0.5240175904937088
1772696901266828500,6.86282861328125,9.24135011265576,2.2421596256032585,0.8480023649211973
1772696901276799700,6.8727998046875,9.813477215671538,2.9244141597673297,1.3807780660837887
1772696901286771500,6.882771484375,9.982421577447653,3.531585980418324,1.9857865712210534
1772696901296742400,6.892742431640625,9.84398692022562,4.1394969289988275,2.4756974555820226
1772696901306712300,6.90271240234375,9.793030639970302,4.807439444693923,2.82263954642266
1772696901316683500,6.91268359375,9.825826994156836,5.001484929978847,3.0886797160774466
1772696901326654500,6.922654541015625,9.882083718907833,4.798132102644443,3.1246690210863948
1772696901336625700,6.932625732421875,10.008511127471923,4.654213168792427,2.8236358639836308
1772696901346596400,6.942596435546875,9.959083956480026,4.559354033924639,2.3638747648231684
1772696901356566500,6.95256640625,9.974220735335349,4.370499395281076,1.654446830920875
1772696901366537500,6.962537353515625,10.005651646387577,4.109926843382418,0.9228788152724504
1772696901376508400,6.97250830078125,10.12284127100706,3.8878114479109644,0.14739581618234515
1772696901386479600,6.982479736328125,10.152799186897278,3.7238285079345106,-0.11919131983071565
1772696901396450600,6.992450439453125,9.938984586781263,3.6634210932448505,0.02261149865016341
1772696901406420500,7.00242041015625,9.614884734606742,3.7000630169436333,0.3717934773720801
1772696901416391700,7.0123916015625,9.275093392303585,3.7925162597134707,0.8390057693213224
1772696901426362600,7.022362548828125,8.983757745611667,3.7730142713859673,1.1793645362488925
1772696901436333300,7.032333251953125,8.656869139501453,3.5732515774980187,1.4725038713619112
1772696901446304500,7.042304443359375,8.308606905972956,3.2453388890370727,1.870421093288809
1772696901456274400,7.0522744140625,7.883177846133709,2.7362071713775395,2.367353839110583
1772696901466245400,7.062245361328125,7.327388129934668,1.8823776346728205,3.0718609754845496
1772696901476216600,7.072216552734375,6.386129608362912,1.0744283901333809,3.4658190845221277
1772696901486187500,7.0821875,4.905364981395006,0.39092064103782176,3.089462390887737
1772696901496157400,7.092157470703125,3.303365838330984,-0.7379577166855334,1.9325980018690228
1772696901506128600,7.102128662109375,1.5091501789748667,-2.198416929988563,0.13180895547196267
1772696901516099300,7.112099365234375,-0.5605699362128973,-4.177186315923929,-1.0458442468143998
1772696901526070500,7.122070556640625,-2.7076445092380044,-5.66273700812459,-2.189408863146603
1772696901536041500,7.13204150390625,-5.118749373400211,-6.325991658264398,-4.0963264803141355
1772696901546011400,7.142011474609375,-7.887214554303884,-6.301136618471145,-5.785748470765352
1772696901555982600,7.151982666015625,-11.070334887576102,-5.1750563670337195,-6.8055065285563465
1772696901565953500,7.16195361328125,-14.799932918822764,-3.8533345932915806,-6.704237526646256
1772696901575924500,7.171924560546875,-17.90522883865833,-3.008088468275964,-5.937537699601054
1772696901585895400,7.1818955078125,-20.00012255806923,-2.4757608762070533,-4.9348254691571
1772696901595865600,7.191865478515625,-21.1465523545742,-2.614564951263368,-3.8218016831696033
1772696901605836300,7.201836181640625,-21.978934906363484,-3.0840994025498625,-2.9200334604650733
1772696901615807500,7.211807373046875,-22.101170123934743,-3.9577413087055087,-2.196852603281289
1772696901625778400,7.2217783203125,-21.268708077168462,-4.756702944669128,-1.9729361497372389
1772696901635749600,7.23174951171875,-19.193529112052918,-5.484432697328925,-2.204154450727254
1772696901645719600,7.241719482421875,-16.26771882175207,-5.968104102778434,-2.747183323422074
1772696901655690500,7.2516904296875,-12.97937870311737,-5.928841767448186,-2.844624583737552
1772696901665661700,7.26166162109375,-9.7566108345896,-5.495943686902523,-2.73928409460485
1772696901675632400,7.27163232421875,-6.925472632151842,-4.818831776323914,-2.3162375459879634
1772696901685603600,7.281603515625,-4.490053995466232,-4.040285151879489,-1.5946671927407383
1772696901695573500,7.291573486328125,-2.4330484004229307,-3.3930765043944118,-0.8908955310344695
1772696901705544400,7.30154443359375,-0.6890881795763969,-2.5892095607325434,-0.15417305523231625
1772696901715515600,7.311515625,0.840187088060379,-1.4366200725540519,0.29073139718845487
1772696901725486600,7.321486572265625,2.268606026241183,-0.43086306758671994,0.740892308832705
1772696901735457500,7.33145751953125,3.73780764118731,0.6860355140075087,0.9489059675849973
1772696901745427700,7.341427734375,5.310452679473161,1.7782713635101914,1.365163002192229
1772696901755398400,7.3513984375,6.648841802638769,2.698991831704974,1.845289136250317
1772696901765369300,7.361369384765625,7.634913279405236,3.5838939675435424,2.30540810893774
1772696901775340500,7.371340576171875,8.470907007429004,4.465997704835236,2.7937387383699415
1772696901785311500,7.3813115234375,9.287363091289997,5.144774041494727,3.0267192267268896
1772696901795281400,7.391281494140625,9.962703316020965,5.277497335332631,3.0291663276180625
1772696901805252600,7.401252685546875,10.332155052572489,5.004200618678331,2.9220868858635423
1772696901815223600,7.4112236328125,10.728341651314496,4.795885785022378,2.79602626478523
1772696901825194500,7.421194580078125,11.184522407770157,4.71417547006309,2.8013667490303513
1772696901835165400,7.43116552734375,11.31933653640747,4.429497235433757,2.915393817965686
1772696901845135400,7.44113525390625,11.513601217401026,4.178738221541047,2.84067438480705
1772696901855106600,7.4511064453125,11.67144784657955,4.118652001629769,2.4947534537076947
1772696901865077500,7.461077392578125,11.732530384051799,4.188384878547489,2.026904763551056
1772696901875048400,7.47104833984375,11.73512215411067,4.375131146734953,1.5685479782305658
1772696901885019600,7.48101953125,11.62672841488719,4.5426492751002305,1.3433964299336074
1772696901894989600,7.490989501953125,11.41029281861782,4.884212303251028,1.2752199886776505
1772696901904960500,7.50096044921875,11.174253527212143,5.18876457439065,1.2937909797653555
1772696901914931500,7.510931396484375,10.817391223120689,5.361550414025783,1.4028057734966277
1772696901924902400,7.52090234375,10.246011723601818,5.531021430024504,1.4416193421460688
1772696901934873600,7.53087353515625,9.61569254385829,5.565664873382449,1.3075246138244867
1772696901944843500,7.540843505859375,8.793194257223606,5.289899720788002,1.1326355182997883
1772696901954814500,7.550814453125,8.161286346983909,4.689464514915644,0.9968797248981892
1772696901964785700,7.56078564453125,7.539214771103858,3.684597736786306,1.153307719450444
1772696901974756400,7.57075634765625,6.89078710321784,2.365782498140633,1.68041713847965
1772696901984726500,7.5807265625,5.840184994351864,0.8977049187883734,2.610799461250007
1772696901994697500,7.590697509765625,4.332701287284493,-0.02328676756322384,3.2862609742730853
1772696902004668400,7.60066845703125,2.4435300469487906,-0.7362599728569388,3.3497143325299024
1772696902014639600,7.6106396484375,0.6121195061862469,-1.309939273750782,2.2127266103699803
1772696902024610600,7.620610595703125,-1.8107143742144107,-1.4274115147039292,-0.0029617724150419232
1772696902034581500,7.63058154296875,-4.465475434526801,-2.3098016677215694,-1.7416770783454179
1772696902044551700,7.6405517578125,-7.099113627311587,-4.10573611369431,-2.95349792317152
1772696902054522600,7.650522705078125,-10.0191447496891,-4.923443074399232,-4.2850785353660585
1772696902064493300,7.660493408203125,-12.781412829518317,-4.78275333172679,-5.4492871496677395
1772696902074464500,7.670464599609375,-15.28265915237665,-4.576951649935543,-6.112074766817688
1772696902084434400,7.680434326171875,-17.307213845670223,-3.9558912969246505,-6.467910065948963
1772696902094405400,7.6904052734375,-18.72020549761653,-3.143435680876672,-6.56362610990703
1772696902104376600,7.70037646484375,-19.667894344496727,-2.7604133918732403,-6.250466169419885
1772696902114347500,7.710347412109375,-20.098245078647135,-2.4783213743448256,-5.413185908716916
1772696902124318700,7.720318603515625,-20.050744491803645,-2.6483669753611085,-4.3242058461397885
1772696902134289400,7.730289306640625,-19.48153707562685,-3.502645717138052,-3.1928912011802195
1772696902144259300,7.74025927734375,-18.27472967504859,-4.4106829371094705,-2.2502323112912475
1772696902154230500,7.75023046875,-16.141190875422954,-5.103946356543898,-1.68632417056635
1772696902164201500,7.760201416015625,-13.541087872493266,-5.436448126360774,-1.4452012922860682
1772696902174172400,7.77017236328125,-10.941623167467117,-5.212628265058994,-1.5379158163405955
1772696902184143600,7.7801435546875,-8.47048264453709,-4.663092056296765,-1.57638261737898
1772696902194113500,7.790113525390625,-6.256576761254668,-4.0250083800315855,-1.6073944262363016
1772696902204084500,7.80008447265625,-4.4281683249175545,-3.5543238819271323,-1.6942073250316083
1772696902214055400,7.810055419921875,-2.8918174198061224,-3.0811230170875787,-1.6735753097608685
1772696902224026400,7.8200263671875,-1.5202438199192285,-2.5923148332715034,-1.4674007030040024
1772696902233996300,7.829996337890625,-0.3731985218644142,-1.8930393139407038,-1.0608860408626497
1772696902243967500,7.839967529296875,0.8308183712124824,-1.0015063617855309,-0.6312903628632426
1772696902253938400,7.8499384765625,1.9616081155151128,0.05815729767531156,-0.353180839099735
1772696902263909600,7.85990966796875,3.025480040320754,1.2253177475199102,-0.08033610399663448
1772696902273880600,7.869880615234375,4.037365757301449,2.200285354208946,0.22400047856569288
1772696902283849700,7.879849609375,4.768533083194494,3.3477167289718985,0.5450174161635339
1772696902293820700,7.889820556640625,5.442728229543566,4.529128699269891,0.728371411564201
1772696902303791600,7.89979150390625,6.256449335482716,5.50678598343432,1.0458706964299083
1772696902313762600,7.909762451171875,7.247629533565044,5.921257011407613,1.585099300058931
1772696902323733500,7.9197333984375,8.390294424578547,5.797254199641943,2.2431866305634376
1772696902333703400,7.929703369140625,9.572281856676936,5.50320344877243,2.7919764048725364
1772696902343674600,7.939674560546875,10.604688383638859,5.096335881540179,3.2827526738911863
1772696902353645600,7.9496455078125,11.352958235502243,4.750537992298603,3.4994062968254087
1772696902363616800,7.95961669921875,11.75748245447874,4.491744432771205,3.523236669746041
1772696902373587700,7.969587646484375,11.820077734601497,4.171500963763893,3.503592642599344
1772696902383557600,7.9795576171875,11.670793182063102,3.8462490189447998,3.385724972587824
1772696902393528600,7.989528564453125,11.40128650534153,3.6080659935086965,3.0956250051707026
1772696902403499500,7.99949951171875,11.148672511231899,3.3627801503300665,2.6122534594506024
1772696902413470500,8.009470458984374,10.852928984969854,3.248277572837472,2.100929200182855
1772696902423441700,8.019441650390625,10.453746127021311,3.071704031357169,1.7657630334623158
1772696902433411600,8.02941162109375,9.800224350866674,3.0893913714781402,1.42560125041157
1772696902443382800,8.0393828125,8.877531998077034,3.3901045028463006,1.3037844043828546
1772696902453353700,8.049353759765625,7.968076728001236,3.4716014673158524,1.4299709899283946
1772696902463324700,8.05932470703125,6.749566614669561,3.3001308019325135,1.741977230335772
1772696902473295600,8.069295654296875,5.307696658763289,2.6595833659023045,2.0350852935276924
1772696902483265500,8.079265625,3.80341846973896,1.4583233703181147,2.1167817260921
1772696902493236500,8.089236572265625,2.2856518535882233,0.3228808317735791,1.84746107346192
1772696902503207700,8.099207763671876,0.5135036491334438,-0.6591317249909043,1.283805738454312
1772696902513178600,8.1091787109375,-1.4322487256020306,-1.1836074345156549,-0.04626593048200011
1772696902523149800,8.11914990234375,-3.287746244394779,-1.3117001459434627,-1.641506831457466
1772696902533119700,8.12911962890625,-4.7522512259572744,-1.6189914866581558,-2.3894708322420715
1772696902543090700,8.139090576171874,-5.964483574193716,-2.3415385759830474,-2.1937295028246937
1772696902553061600,8.1490615234375,-6.903534941110014,-2.8560706913813947,-1.7845764550037682
1772696902563032600,8.159032470703124,-7.815947307425737,-3.101584498097002,-1.6795637365207075
1772696902573003500,8.16900341796875,-8.499106681475043,-2.9473431999340653,-2.204956122498959
1772696902582973700,8.1789736328125,-8.996777386182545,-2.5821432756081224,-2.5815461864978073
1772696902592944600,8.188944580078125,-9.357793887344002,-1.9672391071394084,-2.7863573959469794
1772696902602915600,8.19891552734375,-9.502659454396367,-1.2507441574603317,-2.8147259968191385
1772696902612886800,8.20888671875,-9.434664361056685,-0.6352747563242912,-2.5335984404087064
1772696902622857500,8.218857421875,-9.158719760242104,-0.2758703665345907,-2.2921948454909025
1772696902632827600,8.22882763671875,-8.699669001308083,-0.2562862528815865,-1.9398644857406615
1772696902642798600,8.238798583984375,-7.74671185863614,-0.8059443344578147,-1.5970336296111345
1772696902652769500,8.24876953125,-6.405709338101745,-1.590698873631656,-1.2347472546443343
1772696902662740700,8.25874072265625,-4.764579377132654,-2.3255647617816924,-0.8772482600845396
1772696902672711700,8.268711669921874,-2.9974837798923253,-2.838549647738039,-0.6471377742059529
1772696902682681600,8.278681640625,-1.2888818726748228,-3.108431295251846,-0.5519466309048235
1772696902692652800,8.28865283203125,0.3066185560196638,-3.088572748571634,-0.4727412845037877
1772696902702623500,8.29862353515625,1.563085767301917,-2.8328298087865114,-0.24609540599584578
1772696902712594400,8.308594482421874,2.347596560847759,-2.5267069273293017,0.08818184906095265
1772696902722565600,8.318565673828125,2.7630203595012426,-2.1350562184512616,0.446355528011918
1772696902732535600,8.32853564453125,2.9739409917414186,-1.570830974601209,0.8538074710033834
1772696902742506800,8.3385068359375,2.999425561609864,-0.9585901801228522,1.1875994267612695
1772696902752477700,8.348477783203125,2.8663813652545214,-0.47847442132830614,1.3370932381361722
1772696902762448600,8.35844873046875,2.6153701301664114,-0.1225266017332673,1.2883575565397738
1772696902772418800,8.368418701171874,2.234118650227785,0.21489684239476917,1.070309118246287
1772696902782389800,8.3783896484375,1.7817098135262728,0.5961690728604793,0.8028079361282289
1772696902792360400,8.3883603515625,1.2663117289483548,1.0037392354041337,0.6721240391634404
1772696902802331600,8.39833154296875,0.7643325133919715,1.256387424044311,0.584276390492916
1772696902812302600,8.408302490234375,0.42287586822509765,1.4816767733767628,0.5218132123172283
1772696902822272500,8.4182724609375,0.16152151829898356,1.7109104764208196,0.4082207354068756
1772696902832243700,8.42824365234375,-0.036300562915205954,1.9211121467366814,0.24334639954864978
1772696902842214700,8.438214599609376,-0.10267419253289699,2.0567516202822325,0.12257336348444223
1772696902852185600,8.448185546875,-0.04555237538516521,2.1761627203434704,0.11438304276615381
1772696902862156500,8.458156494140624,0.4448194044858217,2.258334223073721,0.18066753279566763
1772696902872126500,8.46812646484375,0.9828437468916177,1.9865765525549648,-0.11224895334690808
1772696902882097700,8.47809765625,1.2296844182968139,1.7371479104831813,-0.4284788027986884
1772696902892068600,8.488068603515625,1.282352178645134,1.4182044181585312,-0.6405348688095808
1772696902902039600,8.49803955078125,1.2502227639347314,1.0291598001256586,-0.4832856210023164
1772696902912010800,8.5080107421875,0.924863851609826,0.8270087497964501,-0.11732318787127732
1772696902921980700,8.517980712890624,0.6920306627690792,0.8348761221706866,0.25001462526619433
1772696902931951600,8.52795166015625,0.5631885942786932,0.7902817781627177,0.5093886150300503
1772696902941922600,8.537922607421875,0.5244067359417677,0.5756362801805138,0.5511234779536723
1772696902951893500,8.5478935546875,0.5157184025734662,0.23907822071015833,0.4548290495857596
1772696902961864700,8.55786474609375,0.4998351892650127,-0.11724690776467322,0.21647826636731624
1772696902971834600,8.567834716796876,0.4371113143265247,-0.39213235491514203,-0.111684012940526
1772696902981805600,8.5778056640625,0.3386725674062967,-0.5672241334050894,-0.4001566714167595
1772696902991776800,8.58777685546875,0.34151275926828384,-0.6505366228640079,-0.504536498823762
